item_id,stage,requirement,status,evidence_path,required_for_rhino_load_claim,required_for_formal_release,paper_use,limitations
RGLP-A01,automated_prerequisite,Plugin Identity gate passed for the packaged CityLBM GHA.,True,docs/experiments/casee/results/plugin_identity_gate.json,True,True,Software identity prerequisite.,Does not prove Rhino loaded the plugin.
RGLP-A02,automated_prerequisite,Tracked GHA exists and has a SHA256 expected value.,True,CityLBM/bin/CityLBM.gha,True,True,Exact plugin artifact traceability.,Does not prove the artifact was loaded by Rhino.
RGLP-A03,automated_prerequisite,Current tracked GHA is staged in a Grasshopper Libraries directory.,True,docs/experiments/casee/results/citylbm_gha_install_audit.json,True,True,Install-staging prerequisite.,Staging is not process-load evidence.
RGLP-A04,automated_prerequisite,Rhino manual evidence kit is ready.,False,docs/experiments/casee/results/casee_rhino_load_evidence_kit.json,True,True,Operator handoff protocol.,Does not create manual evidence.
RGLP-A05,automated_prerequisite,Manual manifest schema gate passes fail-closed.,True,docs/experiments/casee/results/rhino_gha_load_manifest_schema_gate.json,True,True,Reviewer-facing manifest contract.,Schema evidence is not a real Rhino session.
RGLP-M01,manual_required,Create rhino_gha_load_manifest.json from a real Rhino/Grasshopper session.,False,docs/experiments/casee/results/rhino_gha_load_manifest.json,True,True,Required before claiming loaded new GHA.,Absent on this machine during automated suite execution.
RGLP-M02,manual_required,Screenshot/log artifacts listed in the manual manifest exist.,False,docs/experiments/casee/results/rhino_loaded_citylbm_v040rc_screenshot.png; docs/experiments/casee/results/rhino_loaded_citylbm_v040rc_log.txt,True,True,Reviewer-visible proof of loaded component outputs.,"Evidence must show path, version, and SHA256, not only a toolbar icon."
RGLP-M03,manual_required,Observed plugin version and GHA SHA256 match expected values.,False,docs/experiments/casee/results/rhino_gha_load_manifest.json,True,True,Prevents old-GHA evidence contamination.,Cannot be satisfied by a template.
RGLP-B01,boundary,Formal CFD accuracy remains unsupported by this packet.,True,docs/experiments/casee/results/rhino_gha_load_gate.json,False,False,Limitations and protocol-risk text.,Official z=2 m raw_trilinear metrics are unchanged.
