No.,x_m,y_m,z_m,official_velocity_ratio,raw_trilinear_velocity_ratio,raw_abs_error_pp,z_plus_half_velocity_ratio,z_plus_half_abs_error_pp,vertical_valid_above_velocity_ratio,vertical_valid_above_abs_error_pp,z_plus_half_improvement_pp,nearest_footprint_distance_m,nearest_wall_crossing_distance_m,solid_corner_neighbors_max,protocol_risk,dx_m,ground_offset_cells,origin_z_offset_m,grid_x_float,grid_y_float,grid_z_float,grid_x0,grid_y0,grid_z0,grid_tx,grid_ty,grid_tz,lower_z_center_m,upper_z_center_m,straddles_two_z_layers
1,-27.0,112.0,2.0,0.18,0.2700105,9.00105,0.22769794,4.769793999999999,0.34523437,16.523437,4.231256,2.107163002985231,2.1109732648709665,2,moderate,2.0,1,1.0,136.0,305.5,1.0,136,305,1,0.0,0.5,0.0,2.0,4.0,False
2,-93.0,33.0,2.0,0.58999996,0.30216974,28.783021999999995,0.28114952,30.885044,0.30216974,28.783021999999995,-2.1020220000000034,6.118845893017723,6.118845893017723,0,low,2.0,1,1.0,103.0,266.0,1.0,103,266,1,0.0,0.0,0.0,2.0,4.0,False
3,-88.0,35.0,2.0,0.38,0.27300675,10.699324999999998,0.25948416,12.051583999999998,0.28594291,9.405709000000002,-1.352259,5.174329769890146,5.174329769890146,0,low,2.0,1,1.0,105.5,267.0,1.0,105,267,1,0.5,0.0,0.0,2.0,4.0,False
4,-74.0,40.0,2.0,0.32,0.15753856,16.246144,0.10093766,21.906234,0.09594678,22.405321999999998,-5.660090000000001,5.550077218006069,5.550077218006069,2,moderate,2.0,1,1.0,112.5,269.5,1.0,112,269,1,0.5,0.5,0.0,2.0,4.0,False
5,-61.0,45.5,2.0,0.30000002,0.40951982,10.95198,0.45531491,15.531489000000004,0.44928003,14.928001000000002,-4.579509000000003,7.24624209935743,7.24624209935743,0,low,2.0,1,1.0,119.0,272.25,1.0,119,272,1,0.0,0.25,0.0,2.0,4.0,False
6,-50.5,49.5,2.0,0.34,0.15472485,18.527515,0.19938528,14.061472000000002,0.20430621,13.569379000000003,4.466043,9.116756581290298,9.116756581290298,2,moderate,2.0,1,1.0,124.25,274.25,1.0,124,274,1,0.25,0.25,0.0,2.0,4.0,False
7,-33.5,57.5,2.0,0.26,0.21382479,4.617521000000002,0.28059249,2.059249000000002,0.28223334,2.223333999999999,2.5582720000000005,9.355296922065063,9.355296922065063,2,moderate,2.0,1,1.0,132.75,278.25,1.0,132,278,1,0.75,0.25,0.0,2.0,4.0,False
8,-9.5,69.0,2.0,0.14,0.1812733,4.127329999999999,0.14727738,0.727738,0.18242936,4.242936,3.3995919999999984,5.495764975285608,5.495831992173333,2,moderate,2.0,1,1.0,144.75,284.0,1.0,144,284,1,0.75,0.0,0.0,2.0,4.0,False
9,7.0,76.5,2.0,0.12,0.0,12.0,0.05614744,6.385256,0.12180046,0.18004600000000037,5.614743999999999,5.8891615766653365,5.8891615766653365,4,high,2.0,1,1.0,153.0,287.75,1.0,153,287,1,0.0,0.75,0.0,2.0,4.0,False
10,45.0,94.0,2.0,0.10000001,0.29147353,19.147351999999998,0.34771167,24.771165999999997,0.28096834,18.096832999999997,-5.623813999999999,7.022801261782934,7.022801261782934,0,low,2.0,1,1.0,172.0,296.5,1.0,172,296,1,0.0,0.5,0.0,2.0,4.0,False
11,80.5,110.0,2.0,0.55,0.66346047,11.346046999999992,0.65931526,10.931525999999991,0.68436045,13.436044999999996,0.414521000000001,7.009814570479028,7.009814570479028,0,low,2.0,1,1.0,189.75,304.5,1.0,189,304,1,0.75,0.5,0.0,2.0,4.0,False
12,-133.0,21.0,2.0,0.30000002,0.30810005,0.8100030000000036,0.27589808,2.410193999999999,0.30810005,0.8100030000000036,-1.6001909999999953,5.5090968597661565,5.5090968597661565,0,low,2.0,1,1.0,83.0,260.0,1.0,83,260,1,0.0,0.0,0.0,2.0,4.0,False
13,-97.0,19.0,2.0,0.58999996,0.26613972,32.386024,0.24547405,34.452591,0.26613972,32.386024,-2.0665670000000027,5.927577123644421,5.927577123644421,0,low,2.0,1,1.0,101.0,259.0,1.0,101,259,1,0.0,0.0,0.0,2.0,4.0,False
14,-84.0,22.5,2.0,0.46,0.39071817,6.928183000000004,0.38246732,7.753268000000002,0.36010059,9.989941000000002,-0.8250849999999976,12.301649368479012,12.301649368479012,0,low,2.0,1,1.0,107.5,260.75,1.0,107,260,1,0.5,0.75,0.0,2.0,4.0,False
15,-65.5,29.5,2.0,0.4,0.32245237,7.754763000000003,0.35647614,4.352386000000003,0.32555672,7.4443280000000005,3.402377000000001,11.58339247746032,11.58339247746032,0,low,2.0,1,1.0,116.75,264.25,1.0,116,264,1,0.75,0.25,0.0,2.0,4.0,False
16,-47.5,36.5,2.0,0.38,0.13387697,24.612303,0.20270218,17.729782,0.11946049,26.053950999999998,6.882521,9.613348928703259,9.613348928703259,0,low,2.0,1,1.0,125.75,267.75,1.0,125,267,1,0.75,0.75,0.0,2.0,4.0,False
17,-25.0,47.0,2.0,0.2,0.41019039,21.019039,0.44119257,24.119257,0.41019039,21.019039,-3.100217999999999,4.928384651050861,4.92845192348556,0,low,2.0,1,1.0,137.0,273.0,1.0,137,273,1,0.0,0.0,0.0,2.0,4.0,False
18,-5.0,56.0,2.0,0.28,0.36002944,8.002943999999996,0.34057251,6.057250999999997,0.40658528,12.658527999999997,1.9456929999999983,3.3553465294763765,3.3553465294763765,0,low,2.0,1,1.0,147.0,277.5,1.0,147,277,1,0.0,0.5,0.0,2.0,4.0,False
19,13.5,64.5,2.0,0.32,0.19919757,12.080243000000001,0.20093479,11.906521,0.29794449,2.205551,0.17372200000000115,1.2932380025497958,1.4319601460934612,4,high,2.0,1,1.0,156.25,281.75,1.0,156,281,1,0.25,0.75,0.0,2.0,4.0,False
20,50.0,81.5,2.0,0.2,0.32006538,12.006537999999999,0.26354005,6.354005000000002,0.22869351,2.8693509999999978,5.652532999999998,2.4859975783649157,2.4859975783649157,0,low,2.0,1,1.0,174.5,290.25,1.0,174,290,1,0.5,0.25,0.0,2.0,4.0,False
21,87.0,97.5,2.0,0.4,0.32024781,7.975219,0.29607697,10.392303000000002,0.28635335,11.364665000000002,-2.4170840000000027,2.6480749382763724,2.6480749382763724,0,low,2.0,1,1.0,193.0,298.25,1.0,193,298,1,0.0,0.25,0.0,2.0,4.0,False
22,-114.5,-8.0,2.0,0.58999996,0.16300356,42.69964,0.20939713,38.060283,0.29856955,29.143040999999997,4.6393569999999995,1.6668167667984541,1.6668167667984541,2,moderate,2.0,1,1.0,92.25,245.5,1.0,92,245,1,0.25,0.5,0.0,2.0,4.0,False
23,-90.5,8.0,2.0,0.54000004,0.12600656,41.399348,0.19376801,34.623203000000004,0.28353181,25.646823,6.776145,4.519069299421852,4.519069299421852,2,moderate,2.0,1,1.0,104.25,253.5,1.0,104,253,1,0.25,0.5,0.0,2.0,4.0,False
24,-56.0,33.0,2.0,0.46,0.28048573,17.951427000000002,0.33982742,12.017258000000004,0.28147988,17.852012000000002,5.934169000000001,13.929998858780463,13.929998858780463,0,low,2.0,1,1.0,121.5,266.0,1.0,121,266,1,0.5,0.0,0.0,2.0,4.0,False
25,-51.0,22.0,2.0,0.52,0.36917086,15.082914000000002,0.37071686,14.928314000000004,0.33869675,18.130325000000003,0.15459999999999918,8.728176603457108,8.728176603457108,0,low,2.0,1,1.0,124.0,260.5,1.0,124,260,1,0.0,0.5,0.0,2.0,4.0,False
26,-46.5,11.0,2.0,0.55,0.45826083,9.173917000000003,0.50757123,4.242877,0.46472313,8.527687000000006,4.931040000000003,8.811545727997549,8.811545727997549,0,low,2.0,1,1.0,126.25,255.0,1.0,126,255,1,0.25,0.0,0.0,2.0,4.0,False
27,-39.0,16.0,2.0,0.48,0.0,48.0,0.15812087,32.187913,0.31869598,16.130402,15.812086999999996,2.4757432467556333,2.4757906461416175,4,high,2.0,1,1.0,130.0,257.5,1.0,130,257,1,0.0,0.5,0.0,2.0,4.0,False
28,-39.5,-4.0,2.0,0.71,0.18090167,52.90983299999999,0.2728053,43.71947,0.43735355,27.264644999999998,9.190362999999996,9.72674469162805,9.726924829061598,2,moderate,2.0,1,1.0,129.75,247.5,1.0,129,247,1,0.75,0.5,0.0,2.0,4.0,False
29,-32.0,0.0,2.0,0.61,0.01329987,59.670013,0.13366208,47.633792,0.23765633,37.234367,12.036221000000003,2.4685814073920707,2.4685814073920707,2,moderate,2.0,1,1.0,133.5,249.5,1.0,133,249,1,0.5,0.5,0.0,2.0,4.0,False
30,-39.0,-11.0,2.0,0.69,0.0,69.0,0.1998763,49.01237,0.39975261,29.024738999999993,19.98763,9.561895866537139,9.562559464815106,4,high,2.0,1,1.0,130.0,244.0,1.0,130,244,1,0.0,0.0,0.0,2.0,4.0,False
31,6.5,52.0,2.0,0.44,0.20273667,23.726333,0.20172047,23.827952999999997,0.45534178,1.5341779999999972,-0.10161999999999949,2.4716284427114243,2.4716284427114243,2,moderate,2.0,1,1.0,152.75,275.5,1.0,152,275,1,0.75,0.5,0.0,2.0,4.0,False
32,65.5,74.5,2.0,0.54000004,0.0,54.000004000000004,0.15951386,38.048618,0.30358187,23.641817000000003,15.951386000000001,6.05998762890652,6.05998762890652,4,high,2.0,1,1.0,182.25,286.75,1.0,182,286,1,0.25,0.75,0.0,2.0,4.0,False
33,73.5,56.5,2.0,0.52,0.542814,2.2814,0.66273643,14.273643000000003,0.54091291,2.091290999999995,-11.992243000000002,7.003204790634051,7.003204790634051,0,low,2.0,1,1.0,186.25,277.75,1.0,186,277,1,0.25,0.75,0.0,2.0,4.0,False
34,-117.5,-32.0,2.0,0.32,0.35018705,3.0187049999999993,0.38461524,6.461524000000002,0.34202052,2.202051999999999,-3.4428190000000027,4.385652759282245,4.385652759282245,0,low,2.0,1,1.0,90.75,233.5,1.0,90,233,1,0.75,0.5,0.0,2.0,4.0,False
35,-86.5,-35.5,2.0,0.5,0.35114802,14.885197999999999,0.38180346,11.819654000000002,0.33633095,16.366905,3.065543999999998,4.034521097815645,4.034521097815645,0,low,2.0,1,1.0,106.25,231.75,1.0,106,231,1,0.25,0.75,0.0,2.0,4.0,False
36,-75.0,-31.5,2.0,0.32,0.40088243,8.088243,0.39285854,7.285853999999997,0.43571346,11.571345999999998,0.8023890000000033,3.5148049807961224,3.5148049807961224,0,low,2.0,1,1.0,112.0,233.75,1.0,112,233,1,0.0,0.75,0.0,2.0,4.0,False
37,-55.5,-23.0,2.0,0.48,0.28198408,19.801591999999996,0.28620363,19.379637,0.28103272,19.896727999999996,0.4219549999999961,5.616001171834975,5.616001171834975,0,low,2.0,1,1.0,121.75,238.0,1.0,121,238,1,0.75,0.0,0.0,2.0,4.0,False
38,-26.0,-10.0,2.0,0.61,0.0,61.0,0.14748391,46.251609,0.27159124,33.840875999999994,14.748391,4.817435055413306,4.817435055413306,4,high,2.0,1,1.0,136.5,244.5,1.0,136,244,1,0.5,0.5,0.0,2.0,4.0,False
39,-9.0,-2.5,2.0,0.26,0.41252098,15.252097999999997,0.37037019,11.037018999999997,0.46087797,20.087797000000002,4.215078999999999,4.7103956668006495,4.711597289333326,0,low,2.0,1,1.0,145.0,248.25,1.0,145,248,1,0.0,0.25,0.0,2.0,4.0,False
40,6.5,4.5,2.0,0.38,0.39988811,1.9888110000000014,0.35260938,2.739062000000003,0.3915431,1.1543099999999973,-0.7502510000000018,4.368552770304057,4.368552770304057,0,low,2.0,1,1.0,152.75,251.75,1.0,152,251,1,0.75,0.75,0.0,2.0,4.0,False
41,29.5,15.0,2.0,0.46,0.0,46.0,0.12526806,33.47319400000001,0.2547051,20.52949,12.526805999999995,7.866705655164682,7.866705655164682,2,moderate,2.0,1,1.0,164.25,257.0,1.0,164,257,1,0.25,0.0,0.0,2.0,4.0,False
42,53.0,26.0,2.0,0.44,0.34939494,9.060506000000002,0.36074563,7.925437000000002,0.33972462,10.027538000000003,1.1350689999999997,6.352867039770307,6.352867039770307,0,low,2.0,1,1.0,176.0,262.5,1.0,176,262,1,0.0,0.5,0.0,2.0,4.0,False
43,67.5,32.5,2.0,0.30000002,0.31412336,1.412334000000004,0.34240885,4.240883000000001,0.34413076,4.413074,-2.828548999999997,5.800662804582563,5.800662804582563,0,low,2.0,1,1.0,183.25,265.75,1.0,183,265,1,0.25,0.75,0.0,2.0,4.0,False
44,83.0,39.0,2.0,0.46,0.61101136,15.101135999999999,0.58105829,12.105828999999996,0.61101136,15.101135999999999,2.9953070000000026,7.064077279624004,7.064077279624004,0,low,2.0,1,1.0,191.0,269.0,1.0,191,269,1,0.0,0.0,0.0,2.0,4.0,False
45,120.5,56.5,2.0,0.2,0.23534922,3.5349219999999986,0.30629161,10.629160999999998,0.18205128,1.7948720000000002,-7.094238999999999,7.371016220644202,7.371016220644202,0,low,2.0,1,1.0,209.75,277.75,1.0,209,277,1,0.75,0.75,0.0,2.0,4.0,False
46,-121.0,-56.5,2.0,0.18,0.00581474,17.418525999999996,0.00290737,17.709263,0.22918175,4.918175,-0.290737000000002,0.7774980765367665,0.7774980765367673,4,high,2.0,1,1.0,89.0,221.25,1.0,89,221,1,0.0,0.25,0.0,2.0,4.0,False
47,-96.5,-59.5,2.0,0.2,0.00040261,19.959739000000003,0.00400625,19.599375000000002,0.02134304,17.865696,0.36036399999999913,0.5070107312291643,0.5070843888233374,4,high,2.0,1,1.0,101.25,219.75,1.0,101,219,1,0.25,0.75,0.0,2.0,4.0,False
48,-77.0,-59.0,2.0,0.36,0.0,36.0,0.09447746,26.552253999999998,0.18895493,17.104506999999998,9.447746000000002,2.8006919234360694,2.8006919234360694,2,moderate,2.0,1,1.0,111.0,220.0,1.0,111,220,1,0.0,0.0,0.0,2.0,4.0,False
49,-59.5,-51.5,2.0,0.30000002,0.089948,21.005201999999997,0.13769263,16.230738999999996,0.15990755,14.009246999999997,4.774463000000001,0.4205624168535287,0.4205624168535287,4,high,2.0,1,1.0,119.75,223.75,1.0,119,223,1,0.75,0.75,0.0,2.0,4.0,False
50,-45.5,-45.0,2.0,0.26,0.0848162,17.51838,0.06106408,19.893592,0.11308826,14.691174000000002,-2.3752120000000017,0.0,0.04286678824380135,4,high,2.0,1,1.0,126.75,227.0,1.0,126,227,1,0.75,0.0,0.0,2.0,4.0,False
51,-24.5,-19.5,2.0,0.69,0.48384602,20.615397999999995,0.51318633,17.68136699999999,0.45702707,23.297292999999996,2.9340310000000036,3.7427099838020115,3.7427099838020115,0,low,2.0,1,1.0,137.25,239.75,1.0,137,239,1,0.25,0.75,0.0,2.0,4.0,False
52,-31.0,-23.5,2.0,0.63,0.29702716,33.297284,0.25970518,37.029482,0.32616859,30.383141000000002,-3.732198000000003,2.451019930855621,2.451019930855621,0,low,2.0,1,1.0,134.0,237.75,1.0,134,237,1,0.0,0.75,0.0,2.0,4.0,False
53,-24.5,-38.0,2.0,0.57,0.29621709,27.378290999999994,0.20083101,36.916898999999994,0.30314334,26.685665999999998,-9.538607999999998,2.203486638690659,2.203486638690659,0,low,2.0,1,1.0,137.25,230.5,1.0,137,230,1,0.25,0.5,0.0,2.0,4.0,False
54,-20.0,-30.5,2.0,0.58999996,0.55412208,3.587788000000003,0.5411969,4.880306000000001,0.5446308,4.5369160000000015,-1.292517999999998,3.753551852046542,3.753551852046542,0,low,2.0,1,1.0,139.5,234.25,1.0,139,234,1,0.5,0.25,0.0,2.0,4.0,False
55,-11.0,-50.0,2.0,0.38,0.42488302,4.488301999999999,0.44700913,6.700912999999997,0.39828416,1.8284159999999994,-2.2126109999999977,2.9132593185039584,2.913280179638917,0,low,2.0,1,1.0,144.0,224.5,1.0,144,224,1,0.0,0.5,0.0,2.0,4.0,False
56,38.0,5.5,2.0,0.67,0.23035676,43.964324000000005,0.3054533,36.45467000000001,0.20449593,46.55040700000001,7.509653999999999,1.5690504903677738,1.5693212529899137,2,moderate,2.0,1,1.0,168.5,252.25,1.0,168,252,1,0.5,0.25,0.0,2.0,4.0,False
57,74.0,22.0,2.0,0.34,0.38878271,4.878270999999995,0.38513636,4.513635999999998,0.45790229,11.790228999999997,0.3646349999999965,5.203844076797938,5.2044472406418905,0,low,2.0,1,1.0,186.5,260.5,1.0,186,260,1,0.5,0.5,0.0,2.0,4.0,False
58,63.0,0.5,2.0,0.85,0.03546029,81.453971,0.19583997,65.416003,0.32877026,52.122974,16.037968000000003,4.351271309747123,4.351296674018313,2,moderate,2.0,1,1.0,181.0,249.75,1.0,181,249,1,0.0,0.75,0.0,2.0,4.0,False
59,50.5,-22.5,2.0,0.42,0.3738214,4.617859999999996,0.34844237,7.1557629999999985,0.38999469,3.0005310000000005,-2.5379030000000027,4.162901581904743,4.162901581904743,0,low,2.0,1,1.0,174.75,238.25,1.0,174,238,1,0.75,0.25,0.0,2.0,4.0,False
60,88.5,-6.0,2.0,0.73,0.40659553,32.340447,0.46585959,26.414040999999997,0.43830293,29.169707,5.926406000000001,8.080519289044803,8.08070074452087,0,low,2.0,1,1.0,193.75,246.5,1.0,193,246,1,0.75,0.5,0.0,2.0,4.0,False
61,31.0,0.0,2.0,0.54000004,0.0,54.000004000000004,0.03368947,50.631057,0.1347579,40.524214,3.368947,1.5984745907492144,1.5984745907492144,4,high,2.0,1,1.0,165.0,249.5,1.0,165,249,1,0.0,0.5,0.0,2.0,4.0,False
62,39.5,-20.0,2.0,0.69,0.13480377,55.519622999999996,0.1114426,57.85574,0.18809394,50.190605999999995,-2.336117000000004,1.7216158869062919,1.7216158869062919,2,moderate,2.0,1,1.0,169.25,239.5,1.0,169,239,1,0.25,0.5,0.0,2.0,4.0,False
63,92.5,20.0,2.0,0.4,0.50945962,10.945961999999998,0.49820674,9.820673999999997,0.4947657,9.476569999999995,1.125288000000002,5.183777406373793,5.212937888369193,0,low,2.0,1,1.0,195.75,259.5,1.0,195,259,1,0.75,0.5,0.0,2.0,4.0,False
64,100.5,3.5,2.0,0.44,0.32212837,11.787163,0.32883621,11.116378999999998,0.30283064,13.716936000000002,0.670784000000002,4.762931870248085,4.762931870248085,0,low,2.0,1,1.0,199.75,251.25,1.0,199,251,1,0.75,0.25,0.0,2.0,4.0,False
65,-83.0,-94.0,2.0,0.30000002,0.0,30.000002,0.08050189,21.949812999999995,0.20786719,9.213282999999997,8.050189000000001,1.8900973850571823,1.8900973850571823,4,high,2.0,1,1.0,108.0,202.5,1.0,108,202,1,0.0,0.5,0.0,2.0,4.0,False
66,-49.5,-78.5,2.0,0.32,0.41141345,9.141345000000001,0.3651744,4.517440000000001,0.41903797,9.903796999999997,4.623905000000001,1.6818567640429325,1.6818567640429325,2,moderate,2.0,1,1.0,124.75,210.25,1.0,124,210,1,0.75,0.25,0.0,2.0,4.0,False
67,-10.0,-59.5,2.0,0.5,0.0,50.0,0.10264962,39.735038,0.1608639,33.91361,10.264962,6.5762090190701805,6.5762090190701805,4,high,2.0,1,1.0,144.5,219.75,1.0,144,219,1,0.5,0.75,0.0,2.0,4.0,False
68,1.0,-54.0,2.0,0.28,0.07076399,20.923601,0.10774844,17.225156000000002,0.14152797,13.847203000000002,3.6984450000000004,1.8051341484144767,1.8051341484144767,2,moderate,2.0,1,1.0,150.0,222.5,1.0,150,222,1,0.0,0.5,0.0,2.0,4.0,False
69,26.0,-43.0,2.0,0.24,0.0,24.0,0.07872245,16.127755,0.16822707,7.177292999999999,7.8722449999999995,3.6597015247148237,3.6597015247148237,2,moderate,2.0,1,1.0,162.5,228.0,1.0,162,228,1,0.5,0.0,0.0,2.0,4.0,False
70,46.5,-33.5,2.0,0.34,0.40547651,6.547650999999998,0.40173891,6.173890999999998,0.48254251,14.254250999999996,0.37376000000000076,3.5650422946298934,3.5650422946298934,0,low,2.0,1,1.0,172.75,232.75,1.0,172,232,1,0.75,0.75,0.0,2.0,4.0,False
71,66.5,-24.5,2.0,0.5,0.21498994,28.501006,0.21107018,28.892982,0.19588613,30.411387,-0.39197599999999944,4.426129799271597,4.426129799271597,0,low,2.0,1,1.0,182.75,237.25,1.0,182,237,1,0.75,0.25,0.0,2.0,4.0,False
72,82.0,-17.5,2.0,0.38,0.21286575,16.713425,0.21653722,16.346278,0.28044817,9.955183000000002,0.367147000000001,4.1538559782598385,4.1538559782598385,0,low,2.0,1,1.0,190.5,240.75,1.0,190,240,1,0.5,0.75,0.0,2.0,4.0,False
73,98.5,-9.5,2.0,0.52,0.36781015,15.218985000000002,0.36269091,15.730909000000004,0.38185778,13.814222000000004,-0.5119240000000025,4.400712602522462,4.400712602522462,0,low,2.0,1,1.0,198.75,244.75,1.0,198,244,1,0.75,0.75,0.0,2.0,4.0,False
74,56.5,-54.5,2.0,0.26,0.07734399,18.265601,0.05260813,20.739187,0.10453099,15.546901000000002,-2.473586,0.4324607036963384,0.4324607036963384,2,high,2.0,1,1.0,177.75,222.25,1.0,177,222,1,0.75,0.25,0.0,2.0,4.0,False
75,109.0,-17.5,2.0,0.63,0.59151069,3.848931,0.58345743,4.654256999999995,0.58906675,4.093325000000004,-0.8053259999999951,6.560228083062178,6.560230259624405,0,low,2.0,1,1.0,204.0,240.75,1.0,204,240,1,0.0,0.75,0.0,2.0,4.0,False
76,116.0,-30.5,2.0,0.5,0.54996215,4.996215000000004,0.52967147,2.9671470000000033,0.52915152,2.9151519999999986,2.0290680000000005,6.200555649617317,6.200950733132702,0,low,2.0,1,1.0,207.5,234.25,1.0,207,234,1,0.5,0.25,0.0,2.0,4.0,False
77,5.0,-94.0,2.0,0.46,0.41840826,4.159174000000005,0.47112795,1.1127949999999998,0.36157989,9.842011000000001,3.0463790000000044,6.3567492640672985,6.3567492640672985,0,low,2.0,1,1.0,152.0,202.5,1.0,152,202,1,0.0,0.5,0.0,2.0,4.0,False
78,45.5,-86.5,2.0,0.28,0.26845467,1.154533000000002,0.2873735,0.7373499999999977,0.23734268,4.2657320000000025,0.4171830000000043,5.589751103465302,5.589864457702408,0,low,2.0,1,1.0,172.25,206.25,1.0,172,206,1,0.25,0.25,0.0,2.0,4.0,False
79,81.5,-69.5,2.0,0.32,0.01693663,30.306337,0.06992589,25.007411,0.13807537,18.192463,5.298925999999998,3.968376998084131,3.968480545866208,2,moderate,2.0,1,1.0,190.25,214.75,1.0,190,214,1,0.25,0.75,0.0,2.0,4.0,False
80,125.0,-49.5,2.0,0.54000004,0.43701617,10.298387000000004,0.43159539,10.840464999999998,0.43757557,10.242446999999999,-0.5420779999999958,8.269347015484353,8.269347015484353,0,low,2.0,1,1.0,212.0,224.75,1.0,212,224,1,0.0,0.75,0.0,2.0,4.0,False
