No.,x_m,y_m,z_m,official_velocity_ratio,predicted_velocity_ratio,speed_lbm,solid_corner_neighbors_max,samples
1,-27.000000,112.000000,2.000000,0.18000000,0.03512255,0.00141510,3,181
2,-93.000000,33.000000,2.000000,0.58999996,0.20146643,0.00811713,0,181
3,-88.000000,35.000000,2.000000,0.38000000,0.19881920,0.00801047,0,181
4,-74.000000,40.000000,2.000000,0.32000000,0.21405786,0.00862444,0,181
5,-61.000000,45.500000,2.000000,0.30000002,0.11041480,0.00444864,2,181
6,-50.500000,49.500000,2.000000,0.34000000,0.00880211,0.00035464,4,181
7,-33.500000,57.500000,2.000000,0.26000000,0.00219782,0.00008855,4,181
8,-9.500000,69.000000,2.000000,0.14000000,0.19555734,0.00787905,0,181
9,7.000000,76.500000,2.000000,0.12000000,0.17752310,0.00715244,0,181
10,45.000000,94.000000,2.000000,0.10000001,0.19880826,0.00801003,0,181
11,80.500000,110.000000,2.000000,0.55000000,0.04028845,0.00162323,2,181
12,-133.000000,21.000000,2.000000,0.30000002,0.04502618,0.00181411,2,181
13,-97.000000,19.000000,2.000000,0.58999996,0.09485868,0.00382188,2,181
14,-84.000000,22.500000,2.000000,0.46000000,0.11028975,0.00444360,2,181
15,-65.500000,29.500000,2.000000,0.40000000,0.20830723,0.00839274,0,181
16,-47.500000,36.500000,2.000000,0.38000000,0.19468217,0.00784379,0,181
17,-25.000000,47.000000,2.000000,0.20000000,0.03776104,0.00152140,2,181
18,-5.000000,56.000000,2.000000,0.28000000,0.00243079,0.00009794,4,181
19,13.500000,64.500000,2.000000,0.32000000,0.18374898,0.00740329,2,181
20,50.000000,81.500000,2.000000,0.20000000,0.00242897,0.00009786,5,181
21,87.000000,97.500000,2.000000,0.40000000,0.11574330,0.00466332,2,181
22,-114.500000,-8.000000,2.000000,0.58999996,0.03438239,0.00138527,4,181
23,-90.500000,8.000000,2.000000,0.54000004,0.00612792,0.00024690,4,181
24,-56.000000,33.000000,2.000000,0.46000000,0.19378239,0.00780753,0,181
25,-51.000000,22.000000,2.000000,0.52000000,0.21649467,0.00872262,0,181
26,-46.500000,11.000000,2.000000,0.55000000,0.19427887,0.00782754,0,181
27,-39.000000,16.000000,2.000000,0.48000000,0.19806005,0.00797988,0,181
28,-39.500000,-4.000000,2.000000,0.71000000,0.02860449,0.00115248,2,181
29,-32.000000,0.000000,2.000000,0.61000000,0.03580097,0.00144243,2,181
30,-39.000000,-11.000000,2.000000,0.69000000,0.20244730,0.00815665,0,181
31,6.500000,52.000000,2.000000,0.44000000,0.17821257,0.00718022,1,181
32,65.500000,74.500000,2.000000,0.54000004,0.00306644,0.00012355,4,181
33,73.500000,56.500000,2.000000,0.52000000,0.21572300,0.00869153,0,181
34,-117.500000,-32.000000,2.000000,0.32000000,0.22585603,0.00909979,0,181
35,-86.500000,-35.500000,2.000000,0.50000000,0.18050898,0.00727275,0,181
36,-75.000000,-31.500000,2.000000,0.32000000,0.21341571,0.00859856,0,181
37,-55.500000,-23.000000,2.000000,0.48000000,0.19202472,0.00773672,0,181
38,-26.000000,-10.000000,2.000000,0.61000000,0.20718135,0.00834738,0,181
39,-9.000000,-2.500000,2.000000,0.26000000,0.20212509,0.00814366,0,181
40,6.500000,4.500000,2.000000,0.38000000,0.13032735,0.00525092,2,181
41,29.500000,15.000000,2.000000,0.46000000,0.21624406,0.00871252,0,181
42,53.000000,26.000000,2.000000,0.44000000,0.03823352,0.00154044,2,181
43,67.500000,32.500000,2.000000,0.30000002,0.01453994,0.00058582,2,181
44,83.000000,39.000000,2.000000,0.46000000,0.00840942,0.00033882,4,181
45,120.500000,56.500000,2.000000,0.20000000,0.20329942,0.00819098,0,181
46,-121.000000,-56.500000,2.000000,0.18000000,0.02037268,0.00082082,4,181
47,-96.500000,-59.500000,2.000000,0.20000000,0.02295786,0.00092498,4,181
48,-77.000000,-59.000000,2.000000,0.36000000,0.00739982,0.00029814,4,181
49,-59.500000,-51.500000,2.000000,0.30000002,0.15812336,0.00637082,2,181
50,-45.500000,-45.000000,2.000000,0.26000000,0.06840986,0.00275625,4,181
51,-24.500000,-19.500000,2.000000,0.69000000,0.20127521,0.00810942,0,181
52,-31.000000,-23.500000,2.000000,0.63000000,0.04295770,0.00173078,3,181
53,-24.500000,-38.000000,2.000000,0.57000000,0.10024283,0.00403880,2,181
54,-20.000000,-30.500000,2.000000,0.58999996,0.00408677,0.00016466,4,181
55,-11.000000,-50.000000,2.000000,0.38000000,0.07249158,0.00292070,2,181
56,38.000000,5.500000,2.000000,0.67000000,0.10870313,0.00437967,3,181
57,74.000000,22.000000,2.000000,0.34000000,0.16292458,0.00656427,0,181
58,63.000000,0.500000,2.000000,0.85000000,0.04964500,0.00200021,2,181
59,50.500000,-22.500000,2.000000,0.42000000,0.06817293,0.00274670,2,181
60,88.500000,-6.000000,2.000000,0.73000000,0.00382199,0.00015399,4,181
61,31.000000,0.000000,2.000000,0.54000004,0.00211634,0.00008527,6,181
62,39.500000,-20.000000,2.000000,0.69000000,0.01165147,0.00046944,4,181
63,92.500000,20.000000,2.000000,0.40000000,0.14045249,0.00565886,2,181
64,100.500000,3.500000,2.000000,0.44000000,0.05603014,0.00225747,2,181
65,-83.000000,-94.000000,2.000000,0.30000002,0.03926418,0.00158196,2,181
66,-49.500000,-78.500000,2.000000,0.32000000,0.00127421,0.00005134,4,181
67,-10.000000,-59.500000,2.000000,0.50000000,0.00258582,0.00010418,4,181
68,1.000000,-54.000000,2.000000,0.28000000,0.02258092,0.00090979,4,181
69,26.000000,-43.000000,2.000000,0.24000000,0.14418798,0.00580936,2,181
70,46.500000,-33.500000,2.000000,0.34000000,0.19335222,0.00779020,0,181
71,66.500000,-24.500000,2.000000,0.50000000,0.18615629,0.00750028,2,181
72,82.000000,-17.500000,2.000000,0.38000000,0.05193297,0.00209239,2,181
73,98.500000,-9.500000,2.000000,0.52000000,0.00130965,0.00005277,4,181
74,56.500000,-54.500000,2.000000,0.26000000,0.00967946,0.00038999,5,181
75,109.000000,-17.500000,2.000000,0.63000000,0.05503480,0.00221736,2,181
76,116.000000,-30.500000,2.000000,0.50000000,0.01485034,0.00059832,2,181
77,5.000000,-94.000000,2.000000,0.46000000,0.18132438,0.00730560,0,181
78,45.500000,-86.500000,2.000000,0.28000000,0.19945758,0.00803619,0,181
79,81.500000,-69.500000,2.000000,0.32000000,0.00310265,0.00012501,4,181
80,125.000000,-49.500000,2.000000,0.54000004,0.06225793,0.00250839,2,181
