candidate_id,priority,candidate_class,executable_now,blocking_gates,evidence_type,dx_m,steps,spinup,sample_dt,ground_offset_cells,origin_z_offset_m,nu_lbm,domain_decomposition,command,expected_artifacts,rationale,formal_result_policy,pass_condition,default_promotion_allowed,forbidden_claim
C001_dx2_zcenter_replicate_best_known,1,current_compiled_binary_rerun,False,official_data_manifest; gpu_runtime; gpu_runtime; official_followup_preflight; current_deployed_binary_not_matching_baseline,planned_or_completed_rerun,2.0,48000,12000,2000,1,1.0,0.001,1x1x1,cd E:/citylbm_buildchain/FluidX3D && ./bin/FluidX3D.exe,docs/experiments/casee/native_cases/<candidate>/citylbm_native_case_manifest.json; docs/experiments/casee/results/casee_native_dx2_zcenter_rerun_<stamp>_probe_time_mean.csv; docs/experiments/casee/results/casee_zcenter_rerun_consistency.json,"Rerun the currently deployed compiled z-center baseline before changing implementation; current MAE=21.111408125, R2=-2.006330362229977.",Only the completed 80-probe official z=2 m raw_trilinear casee_probe_time_mean.csv may feed release_gate.json. Diagnostic sampling columns and z offsets cannot substitute for the formal result.,Reproduces n=80 raw_trilinear official z=2 m metrics within audit tolerance.,False,"Do not claim predictive accuracy, mesh independence, LES improvement, or formal v0.4.0 readiness from this candidate unless the official release gate later passes."
C002_dx2_longer_mean_stability,2,time_mean_stability,False,official_data_manifest; gpu_runtime; gpu_runtime; official_followup_preflight,newly_run,2.0,96000,24000,2000,1,1.0,0.001,2x2x1,python docs/experiments/casee/tools/generate_native_casee.py --dx 2 --steps 96000 --spinup 24000 --sample-dt 2000 --ground-offset-cells 1 --origin-z-offset-m 1.0 --nu-lbm 0.001 --domain-x 2 --domain-y 2 --domain-z 1,docs/experiments/casee/results/casee_c002_longer_mean_audit.json; docs/experiments/casee/results/casee_c002_longer_mean_audit.md; docs/experiments/casee/results/casee_c002_dx2_longer_mean_<stamp>_probe_time_mean.csv,Completed: longer averaging worsened the official metric. status=completed_no_improvement; R2=-2.1851358653077058; delta_R2=-0.1788055030777289.,Only the completed 80-probe official z=2 m raw_trilinear casee_probe_time_mean.csv may feed release_gate.json. Diagnostic sampling columns and z offsets cannot substitute for the formal result.,Pearson remains positive and R2 moves toward zero without diagnostic sampling substitution.,False,"Do not claim predictive accuracy, mesh independence, LES improvement, or formal v0.4.0 readiness from this candidate unless the official release gate later passes."
C003_dx2_no_zcenter_ablation,3,protocol_ablation,False,official_data_manifest; gpu_runtime; gpu_runtime; official_followup_preflight,newly_run,2.0,48000,12000,2000,1,0.0,0.001,2x2x1,python docs/experiments/casee/tools/generate_native_casee.py --dx 2 --steps 48000 --spinup 12000 --sample-dt 2000 --ground-offset-cells 1 --origin-z-offset-m 0.0 --nu-lbm 0.001 --domain-x 2 --domain-y 2 --domain-z 1,docs/experiments/casee/results/casee_c003_zorigin_ablation_audit.json; docs/experiments/casee/results/casee_c003_zorigin_ablation_audit.md; docs/experiments/casee/results/casee_c003_dx2_no_zcenter_<stamp>_probe_time_mean.csv,Completed: removing z-center worsened the official metric and confirms z-origin sensitivity. status=completed_ablation_supports_zorigin_sensitivity; R2=-2.221378753276796; delta_R2_vs_zcenter=-0.21504839104681928.,Only the completed 80-probe official z=2 m raw_trilinear casee_probe_time_mean.csv may feed release_gate.json. Diagnostic sampling columns and z offsets cannot substitute for the formal result.,Shows whether z-origin sensitivity is a diagnostic limitation rather than a stable accuracy fix.,False,"Do not claim predictive accuracy, mesh independence, LES improvement, or formal v0.4.0 readiness from this candidate unless the official release gate later passes."
C004_dx3_low_cost_direction_check,4,low_cost_regression,False,official_data_manifest; gpu_runtime; gpu_runtime; official_followup_preflight,newly_run,3.0,48000,12000,2000,1,0.0,0.001,2x2x1,python docs/experiments/casee/tools/generate_native_casee.py --dx 3 --steps 48000 --spinup 12000 --sample-dt 2000 --ground-offset-cells 1 --origin-z-offset-m 0.0 --nu-lbm 0.001 --domain-x 2 --domain-y 2 --domain-z 1,docs/experiments/casee/results/casee_c004_dx3_low_cost_audit.json; docs/experiments/casee/results/casee_c004_dx3_low_cost_audit.md; docs/experiments/casee/results/casee_c004_dx3_low_cost_<stamp>_probe_time_mean.csv,Completed: dx=3 kept positive Pearson correlation but worsened MAE/R2 versus the z-center baseline. status=completed_low_cost_positive_correlation; R2=-2.5282993702661267; delta_R2_vs_zcenter=-0.5219690080361499.,Only the completed 80-probe official z=2 m raw_trilinear casee_probe_time_mean.csv may feed release_gate.json. Diagnostic sampling columns and z offsets cannot substitute for the formal result.,No reversal of Pearson sign and no protocol mismatch in manifest/logs.,False,"Do not claim predictive accuracy, mesh independence, LES improvement, or formal v0.4.0 readiness from this candidate unless the official release gate later passes."
C005_dx2_domain_decomposition_ablation,5,runtime_ablation,False,official_data_manifest; gpu_runtime; gpu_runtime; official_followup_preflight,newly_run,2.0,48000,12000,2000,1,1.0,0.001,4x1x1,python docs/experiments/casee/tools/generate_native_casee.py --dx 2 --steps 48000 --spinup 12000 --sample-dt 2000 --ground-offset-cells 1 --origin-z-offset-m 1.0 --nu-lbm 0.001 --domain-x 4 --domain-y 1 --domain-z 1,docs/experiments/casee/results/casee_c005_decomposition_audit.json; docs/experiments/casee/results/casee_c005_decomposition_audit.md; docs/experiments/casee/results/casee_c005_dx2_decomp4x1x1_<stamp>_probe_time_mean.csv,Completed: 4x1x1 domain decomposition improved MAE/R2 but changed the result beyond reproducibility tolerances and reduced Pearson versus the z-center baseline. status=completed_decomposition_sensitivity_warning; R2=-1.608075055394031; delta_R2_vs_zcenter=0.3982553068359458.,Only the completed 80-probe official z=2 m raw_trilinear casee_probe_time_mean.csv may feed release_gate.json. Diagnostic sampling columns and z offsets cannot substitute for the formal result.,Raw_trilinear metrics remain consistent with C001 within expected numerical variability.,False,"Do not claim predictive accuracy, mesh independence, LES improvement, or formal v0.4.0 readiness from this candidate unless the official release gate later passes."
C006_dx1_dry_allocation_then_short_smoke,6,high_resolution_preflight,False,user_confirmation_required; dx1_memory_headroom; gpu_memory_headroom_lt_25pct,blocked_until_user_confirmed_dry_run,1.0,48000,12000,4000,1,0.5,0.001,2x2x1,python docs/experiments/casee/tools/generate_native_casee.py --dx 1 --steps 48000 --spinup 12000 --sample-dt 4000 --ground-offset-cells 1 --origin-z-offset-m 0.5 --nu-lbm 0.001 --domain-x 2 --domain-y 2 --domain-z 1,docs/experiments/casee/results/casee_dx1_readiness_audit.json; docs/experiments/casee/native_cases/<candidate>/citylbm_native_case_manifest.json,dx=1 m is the most direct grid-resolution follow-up but current memory headroom is high risk.,Only the completed 80-probe official z=2 m raw_trilinear casee_probe_time_mean.csv may feed release_gate.json. Diagnostic sampling columns and z offsets cannot substitute for the formal result.,Only proceed after dry allocation confirms memory headroom and the user approves a long run.,False,Do not claim mesh independence from a dry allocation or single dx=1 run.
C007_default_off_wall_physics_implementation,7,default_off_wall_followup_codegen,False,official_data_manifest; gpu_runtime; gpu_runtime; official_followup_preflight,blocked_until_gpu_ready,2.0,48000,12000,2000,1,1.0,0.001,4x1x1,python docs/experiments/casee/tools/generate_native_casee.py --dx 2 --steps 48000 --spinup 12000 --sample-dt 2000 --ground-offset-cells 1 --origin-z-offset-m 1.0 --nu-lbm 0.001 --domain-x 4 --domain-y 1 --domain-z 1 --wall-model voxel_dilation --wall-dilation-cells 1 --no-subgrid,docs/experiments/casee/results/casee_wall_followup_codegen_gate.json; docs/experiments/casee/native_cases/<candidate>/citylbm_native_case_manifest.json; docs/experiments/casee/native_cases/<candidate>/casee_probe_time_mean.csv; docs/experiments/casee/results/<candidate>_official_metrics.csv,"failure atlas points to near-wall and solid-corner errors. A default-off native voxel-dilation wall follow-up generator now exists, but it remains blocked by GPU/preflight and cannot be promoted before official metrics improve.",Only the completed 80-probe official z=2 m raw_trilinear casee_probe_time_mean.csv may feed release_gate.json. Diagnostic sampling columns and z offsets cannot substitute for the formal result.,"MAE clearly below the current near-20 pp level, R2>0, Pearson>0, Case A smoke regression passes.",False,"Do not claim predictive accuracy, mesh independence, LES improvement, or formal v0.4.0 readiness from this candidate unless the official release gate later passes."
C008_C015_full_plane_inlet_turbulence_sgs_sweep,8,default_off_inlet_followup_codegen,False,official_data_manifest; gpu_runtime; gpu_runtime; official_followup_preflight,newly_run,2.0,>=48000,>=12000,<=2000,1,1.0,0.001,4x1x1,python docs/experiments/casee/tools/generate_native_casee.py --dx 2 --steps 48000 --spinup 12000 --sample-dt 2000 --ground-offset-cells 1 --origin-z-offset-m 1.0 --nu-lbm 0.001 --domain-x 4 --domain-y 1 --domain-z 1 --inlet-turbulence-mode k_synthetic_fullplane --inlet-turbulence-scale 2.00 --no-subgrid,docs/experiments/casee/results/casee_inlet_followup_codegen_gate.json; docs/experiments/casee/results/casee_c008_c009_inlet_turbulence_audit.json; docs/experiments/casee/results/casee_c008_c009_inlet_turbulence_audit.md; docs/experiments/casee/native_cases/<candidate>/citylbm_native_case_manifest.json; docs/experiments/casee/native_cases/<candidate>/casee_probe_time_mean.csv; docs/experiments/casee/results/<candidate>_official_metrics.csv,"Completed: C008-C015 AF-k synthetic full-plane inlet and SGS ablation candidates substantially improved official-height MAE/R2/Pearson, but R2 remains negative. C014 no-SGS scale 2.00 is the best diagnostic candidate and C015 scale 2.50 rolls back, so the sweep is diagnostic-only. status=completed_inlet_turbulence_improved_but_negative_r2; best_R2=-0.22984501828340775; best_MAE=13.7856467875.",Only the completed 80-probe official z=2 m raw_trilinear casee_probe_time_mean.csv may feed release_gate.json. Diagnostic sampling columns and z offsets cannot substitute for the formal result.,Official raw_trilinear metric improves without relying on non-raw sampling or z-height substitution.,False,"Do not claim predictive accuracy, mesh independence, LES improvement, or formal v0.4.0 readiness from this candidate unless the official release gate later passes."
C016_residual_targeted_wall_inlet_channel_response,9,default_off_c016_residual_target_codegen,False,official_data_manifest; gpu_runtime; gpu_runtime; official_followup_preflight,blocked_until_gpu_ready,2.0,>=48000,>=12000,<=2000,1,1.0,0.001,4x1x1,python docs/experiments/casee/tools/generate_native_casee.py --dx 2 --steps 48000 --spinup 12000 --sample-dt 2000 --ground-offset-cells 1 --origin-z-offset-m 1.0 --nu-lbm 0.001 --domain-x 4 --domain-y 1 --domain-z 1 --inlet-turbulence-mode k_synthetic_fullplane --inlet-turbulence-scale 2.00 --residual-target-mode c014_channel_response --residual-target-scale 1.00 --no-subgrid,docs/experiments/casee/results/casee_c016_codegen_gate.json; docs/experiments/casee/results/casee_c014_residual_structure_audit.json; docs/experiments/casee/native_cases/<c016>/citylbm_native_case_manifest.json; docs/experiments/casee/native_cases/<c016>/casee_probe_time_mean.csv; docs/experiments/casee/results/<c016>_probe_time_mean.csv; docs/experiments/casee/results/<c016>_official_metrics.json,C014 is the current best diagnostic candidate but residual structure blocks a formal accuracy claim: downstream_R2=-0.5663250697292279; official_high_bias_pp=-21.001909272727268; posthoc_affine_upper_bound_R2=0.09920332706790935. The next useful implementation must recover high-speed corridor probes without overpredicting sheltered low-speed probes. C016 leakage guard passed=True; official RS targets must not be used for post-hoc calibration.,Only the completed 80-probe official z=2 m raw_trilinear casee_probe_time_mean.csv may feed release_gate.json. Diagnostic sampling columns and z offsets cannot substitute for the formal result.,"Official raw_trilinear z=2 m R2 becomes positive, Pearson remains positive, MAE stays below C014, and Case A smoke regression passes.",False,"Do not claim predictive accuracy, mesh independence, LES improvement, or formal v0.4.0 readiness from this candidate unless the official release gate later passes."
