runbook_id,stage,enabled_now,evidence_type,purpose,trigger_condition,command,expected_artifact,formal_result_policy,pass_condition,forbidden_claim
R001_preflight_release_chain,preflight,True,newly_run,Rebuild CityLBM and regenerate fail-closed release evidence before scheduling more CFD.,Any time the branch changes.,python docs/experiments/casee/tools/reproducibility_suite.py,docs/experiments/casee/results/casee_reproducibility_suite.json,Reproducibility evidence only.,suite_passed=true and formal_release_allowed=false until official metrics pass.,"Do not claim predictive accuracy, mesh independence, or formal v0.4.0 readiness from this command alone."
R002_gpu_recovery_check,preflight,True,newly_run,Verify whether long native FluidX3D runs can be attempted.,After rebooting or recovering the NVIDIA device.,nvidia-smi,docs/experiments/casee/results/build_chain_manifest.json after build_chain_audit.py rerun,Environment readiness only.,returncode=0 and no GPU-lost message.,Do not claim a new CFD result from GPU readiness.
R003_build_chain_refresh,preflight,True,newly_run,"Refresh .NET, FluidX3D, VS C++ and disk-space evidence.","After freeing C: space, installing VS Build Tools C++, or changing FluidX3D binaries.",python docs/experiments/casee/tools/build_chain_audit.py,docs/experiments/casee/results/build_chain_manifest.json,Build-chain evidence only.,dotnet ready; FluidX3D binary found; GPU ready for long runs; VS C++ status recorded.,"Do not claim predictive accuracy, mesh independence, or formal v0.4.0 readiness from this command alone."
R004_rhino_gha_load_check,manual_validation,False,author_input_needed,Close the Rhino/Grasshopper new-GHA release gate.,After copying/loading tracked CityLBM/bin/CityLBM.gha into Rhino/Grasshopper.,Manual: capture Rhino/Grasshopper screenshot/log showing CityLBM Version=0.4.0-rc and GHA SHA256.,docs/experiments/casee/results/rhino_gha_load_manifest.json,Software identity/load evidence only.,"Manifest proves Rhino loaded the tracked GHA hash, not an old installed copy.",Do not mark rhino_loaded_new_gha=true without an artifact.
R005_official_dx2_zcenter_replicate,native_case_generation,True,newly_run_when_executed,Replicate the current best official raw_trilinear diagnostic before changing physics.,GPU ready; need a clean baseline for comparison.,python docs/experiments/casee/tools/generate_native_casee.py --dx 2 --steps 48000 --spinup 12000 --sample-dt 2000 --ground-offset-cells 1 --origin-z-offset-m 1.0 --nu-lbm 0.001,docs/experiments/casee/native_cases/<run_id>/citylbm_native_case_manifest.json,Only the eventual raw_trilinear 80-probe CSV can be audited as formal official z=2 m.,Generated case then completed FluidX3D run with casee_probe_time_mean.csv and complete log.,"Do not claim predictive accuracy, mesh independence, or formal v0.4.0 readiness from this command alone."
R006_wall_model_followup_placeholder,implementation_then_native_run,False,blocked_until_physical_change_exists,Test a wall/roughness/voxelization change aimed at near-wall official z=2 m errors.,A code change exists that is justified by wall/probe diagnostics and remains default-off until validated.,TODO after implementation: generate native Case E with the new wall/voxelization option and audit raw_trilinear output.,docs/experiments/casee/results/<wall_followup_probe_time_mean.csv>,May inform defaults only if official raw_trilinear metrics improve and Case A smoke regression passes.,"MAE clearly below prior near-20 pp level, R2>0, Pearson>0, n=80 official probes.","Do not claim predictive accuracy, mesh independence, or formal v0.4.0 readiness from this command alone."
R007_inlet_turbulence_followup_placeholder,implementation_then_native_run,False,blocked_until_physical_change_exists,"Test a full-plane digital-filter inlet turbulence change based on AF_caseE z,U,k.",A documented inlet turbulence implementation change exists.,TODO after implementation: generate native Case E with revised full-plane inlet turbulence and audit raw_trilinear output.,docs/experiments/casee/results/<inlet_followup_probe_time_mean.csv>,Experimental switch unless official metric improvement is stable.,Official raw_trilinear metric improves without relying on diagnostic sampling or z-offset substitution.,"Do not claim predictive accuracy, mesh independence, or formal v0.4.0 readiness from this command alone."
R008_dx1_feasibility_or_generation,high_resolution_followup,True,newly_run_when_executed,Prepare a dx=1 m official follow-up only if memory/runtime evidence is acceptable.,GPU ready and dx1 feasibility estimate accepted.,python docs/experiments/casee/tools/generate_native_casee.py --dx 1 --steps 48000 --spinup 12000 --sample-dt 4000 --ground-offset-cells 1 --origin-z-offset-m 0.5 --nu-lbm 0.001,docs/experiments/casee/native_cases/<dx1_run_id>/citylbm_native_case_manifest.json,No mesh-independence claim until completed dx1 metrics support the trend.,Completed dx=1 official z=2 m raw_trilinear run with all 80 probes and complete log.,Do not claim mesh independence from generated case files or dx=2/3 diagnostics.
R009_postrun_official_audit,postrun_audit,False,newly_run_when_executed,Audit any newly completed official z=2 m probe CSV against the release gate.,After a complete FluidX3D run writes a new casee_probe_time_mean.csv.,python docs/experiments/casee/tools/casee_audit.py --release-target v0.4.0 --predicted <new_casee_probe_time_mean.csv>,docs/experiments/casee/results/release_gate.json; docs/experiments/casee/results/casee_validation_report.md,This is the only path that can update official z=2 m metrics.,release_gate official_z2m_metric_gate=true and all other release checks true before formal tag.,Do not cite an unaudited probe CSV as a paper result.
