No.,x_m,y_m,z_m,official_velocity_ratio,raw_trilinear_velocity_ratio,raw_abs_error_pp,z_plus_half_velocity_ratio,z_plus_half_abs_error_pp,vertical_valid_above_velocity_ratio,vertical_valid_above_abs_error_pp,z_plus_half_improvement_pp,nearest_footprint_distance_m,nearest_wall_crossing_distance_m,solid_corner_neighbors_max,protocol_risk,dx_m,ground_offset_cells,grid_x_float,grid_y_float,grid_z_float,grid_x0,grid_y0,grid_z0,grid_tx,grid_ty,grid_tz,lower_z_center_m,upper_z_center_m,straddles_two_z_layers
1,-27.0,112.0,2.0,0.18,0.20830754,2.830754000000002,0.26750707,8.750707000000002,0.25180474,7.180474000000004,-5.919953,2.107163002985231,2.1109732648709665,3,moderate,2.0,1,136.0,305.5,1.5,136,305,1,0.0,0.5,0.5,1.0,3.0,True
2,-93.0,33.0,2.0,0.58999996,0.32874972,26.125023999999996,0.31055077,27.944919000000002,0.31055077,27.944919000000002,-1.8198950000000047,6.118845893017723,6.118845893017723,0,low,2.0,1,103.0,266.0,1.5,103,266,1,0.0,0.0,0.5,1.0,3.0,True
3,-88.0,35.0,2.0,0.38,0.27719049,10.280951,0.28872637,9.127362999999999,0.2849956,9.50044,1.1535879999999998,5.174329769890146,5.174329769890146,0,low,2.0,1,105.5,267.0,1.5,105,267,1,0.5,0.0,0.5,1.0,3.0,True
4,-74.0,40.0,2.0,0.32,0.03532374,28.467626000000003,0.07878813,24.121187,0.12039875,19.960125,4.346439000000002,5.550077218006069,5.550077218006069,2,moderate,2.0,1,112.5,269.5,1.5,112,269,1,0.5,0.5,0.5,1.0,3.0,True
5,-61.0,45.5,2.0,0.30000002,0.16671328,13.328674,0.25752477,4.247524999999996,0.25092696,4.907306,9.081149000000002,7.24624209935743,7.24624209935743,2,moderate,2.0,1,119.0,272.25,1.5,119,272,1,0.0,0.25,0.5,1.0,3.0,True
6,-50.5,49.5,2.0,0.34,0.11874212,22.125788,0.16043363,17.956637000000004,0.12252457,21.747543000000004,4.1691509999999985,9.116756581290298,9.116756581290298,2,moderate,2.0,1,124.25,274.25,1.5,124,274,1,0.25,0.25,0.5,1.0,3.0,True
7,-33.5,57.5,2.0,0.26,0.25316522,0.6834779999999985,0.25238754,0.7612459999999988,0.24507491,1.492509,-0.07776800000000028,9.355296922065063,9.355296922065063,0,low,2.0,1,132.75,278.25,1.5,132,278,1,0.75,0.25,0.5,1.0,3.0,True
8,-9.5,69.0,2.0,0.14,0.04925373,9.074627000000001,0.09850746,4.149254000000001,0.10450282,3.5497180000000017,4.925373000000001,5.495764975285608,5.495831992173333,4,high,2.0,1,144.75,284.0,1.5,144,284,1,0.75,0.0,0.5,1.0,3.0,True
9,7.0,76.5,2.0,0.12,0.08338691,3.661309,0.11870063,0.12993699999999941,0.11851407,0.14859299999999964,3.5313720000000006,5.8891615766653365,5.8891615766653365,2,moderate,2.0,1,153.0,287.75,1.5,153,287,1,0.0,0.75,0.5,1.0,3.0,True
10,45.0,94.0,2.0,0.10000001,0.31200519,21.200518,0.29544359,19.544358,0.3653142,26.531419,1.656160000000001,7.022801261782934,7.022801261782934,0,low,2.0,1,172.0,296.5,1.5,172,296,1,0.0,0.5,0.5,1.0,3.0,True
11,80.5,110.0,2.0,0.55,0.22062139,32.937861,0.31126707,23.873293000000007,0.35150506,19.849494000000007,9.064567999999994,7.009814570479028,7.009814570479028,2,moderate,2.0,1,189.75,304.5,1.5,189,304,1,0.75,0.5,0.5,1.0,3.0,True
12,-133.0,21.0,2.0,0.30000002,0.2657773,3.4222719999999986,0.25973472,4.02653,0.25973472,4.02653,-0.604258000000002,5.5090968597661565,5.5090968597661565,0,low,2.0,1,83.0,260.0,1.5,83,260,1,0.0,0.0,0.5,1.0,3.0,True
13,-97.0,19.0,2.0,0.58999996,0.11199946,47.80005,0.22399892,36.600104,0.22399892,36.600104,11.199945999999999,5.927577123644421,5.927577123644421,2,moderate,2.0,1,101.0,259.0,1.5,101,259,1,0.0,0.0,0.5,1.0,3.0,True
14,-84.0,22.5,2.0,0.46,0.37454433,8.545567000000004,0.37281178,8.718822000000003,0.40449989,5.550011000000005,-0.17325499999999994,12.301649368479012,12.301649368479012,0,low,2.0,1,107.5,260.75,1.5,107,260,1,0.5,0.75,0.5,1.0,3.0,True
15,-65.5,29.5,2.0,0.4,0.384069,1.5931000000000028,0.41770419,1.7704189999999953,0.42553395,2.5533949999999974,-0.17731899999999245,11.58339247746032,11.58339247746032,0,low,2.0,1,116.75,264.25,1.5,116,264,1,0.75,0.25,0.5,1.0,3.0,True
16,-47.5,36.5,2.0,0.38,0.23438932,14.561067999999999,0.24373539,13.626461,0.27228732,10.771268000000001,0.9346069999999984,9.613348928703259,9.613348928703259,0,low,2.0,1,125.75,267.75,1.5,125,267,1,0.75,0.75,0.5,1.0,3.0,True
17,-25.0,47.0,2.0,0.2,0.09064137,10.935863000000001,0.18128273,1.8717270000000008,0.18128273,1.8717270000000008,9.064136000000001,4.928384651050861,4.92845192348556,4,high,2.0,1,137.0,273.0,1.5,137,273,1,0.0,0.0,0.5,1.0,3.0,True
18,-5.0,56.0,2.0,0.28,0.16247229,11.752771000000003,0.18586152,9.413848000000002,0.23818762,4.181238000000004,2.338923000000001,3.3553465294763765,3.3553465294763765,2,moderate,2.0,1,147.0,277.5,1.5,147,277,1,0.0,0.5,0.5,1.0,3.0,True
19,13.5,64.5,2.0,0.32,0.03496582,28.503418000000003,0.05570993,26.429007,0.07230555,24.769445,2.074411000000004,1.2932380025497958,1.4319601460934612,4,high,2.0,1,156.25,281.75,1.5,156,281,1,0.25,0.75,0.5,1.0,3.0,True
20,50.0,81.5,2.0,0.2,0.18146655,1.8533450000000007,0.20073174,0.07317399999999807,0.21985553,1.9855529999999981,1.7801710000000026,2.4859975783649157,2.4859975783649157,2,moderate,2.0,1,174.5,290.25,1.5,174,290,1,0.5,0.25,0.5,1.0,3.0,True
21,87.0,97.5,2.0,0.4,0.2651739,13.482610000000001,0.32309349,7.690651000000004,0.31638913,8.361087000000001,5.791958999999997,2.6480749382763724,2.6480749382763724,0,low,2.0,1,193.0,298.25,1.5,193,298,1,0.0,0.25,0.5,1.0,3.0,True
22,-114.5,-8.0,2.0,0.58999996,0.16242976,42.757020000000004,0.29046717,29.953279,0.20703707,38.296289,12.803741000000002,1.6668167667984541,1.6668167667984541,2,moderate,2.0,1,92.25,245.5,1.5,92,245,1,0.25,0.5,0.5,1.0,3.0,True
23,-90.5,8.0,2.0,0.54000004,0.15774745,38.225259,0.23727726,30.272278000000004,0.23967195,30.032809000000004,7.952980999999998,4.519069299421852,4.519069299421852,2,moderate,2.0,1,104.25,253.5,1.5,104,253,1,0.25,0.5,0.5,1.0,3.0,True
24,-56.0,33.0,2.0,0.46,0.19116407,26.883593000000005,0.19875002,26.124997999999998,0.19672022,26.327978,0.7585950000000063,13.929998858780463,13.929998858780463,0,low,2.0,1,121.5,266.0,1.5,121,266,1,0.5,0.0,0.5,1.0,3.0,True
25,-51.0,22.0,2.0,0.52,0.38581118,13.418882000000004,0.40188512,11.811488000000004,0.42584889,9.415111000000003,1.6073940000000009,8.728176603457108,8.728176603457108,0,low,2.0,1,124.0,260.5,1.5,124,260,1,0.0,0.5,0.5,1.0,3.0,True
26,-46.5,11.0,2.0,0.55,0.35554295,19.445705000000004,0.37434675,17.565325000000005,0.3721661,17.783390000000004,1.8803799999999982,8.811545727997549,8.811545727997549,0,low,2.0,1,126.25,255.0,1.5,126,255,1,0.25,0.0,0.5,1.0,3.0,True
27,-39.0,16.0,2.0,0.48,0.19027389,28.972610999999997,0.24246039,23.753960999999997,0.15827181,32.172819,5.218649999999999,2.4757432467556333,2.4757906461416175,2,moderate,2.0,1,130.0,257.5,1.5,130,257,1,0.0,0.5,0.5,1.0,3.0,True
28,-39.5,-4.0,2.0,0.71,0.39362757,31.637242999999998,0.38216641,32.783359,0.48751537,22.248462999999997,-1.146115999999997,9.72674469162805,9.726924829061598,0,low,2.0,1,129.75,247.5,1.5,129,247,1,0.75,0.5,0.5,1.0,3.0,True
29,-32.0,0.0,2.0,0.61,0.54752525,6.247475000000002,0.55303798,5.696201999999994,0.56847404,4.152595999999997,0.5512730000000077,2.4685814073920707,2.4685814073920707,0,low,2.0,1,133.5,249.5,1.5,133,249,1,0.5,0.5,0.5,1.0,3.0,True
30,-39.0,-11.0,2.0,0.69,0.18938433,50.061567,0.22265927,46.734072999999995,0.22265927,46.734072999999995,3.3274939999999975,9.561895866537139,9.562559464815106,2,moderate,2.0,1,130.0,244.0,1.5,130,244,1,0.0,0.0,0.5,1.0,3.0,True
31,6.5,52.0,2.0,0.44,0.09889764,34.110236,0.19779528,24.220472,0.21251585,22.748415,9.889763999999998,2.4716284427114243,2.4716284427114243,4,high,2.0,1,152.75,275.5,1.5,152,275,1,0.75,0.5,0.5,1.0,3.0,True
32,65.5,74.5,2.0,0.54000004,0.20961041,33.038962999999995,0.29270214,24.72979,0.3174933,22.250674000000004,8.309172999999998,6.05998762890652,6.05998762890652,2,moderate,2.0,1,182.25,286.75,1.5,182,286,1,0.25,0.75,0.5,1.0,3.0,True
33,73.5,56.5,2.0,0.52,0.52939261,0.9392610000000023,0.65077595,13.077594999999997,0.71291572,19.291572000000002,-12.138333999999995,7.003204790634051,7.003204790634051,0,low,2.0,1,186.25,277.75,1.5,186,277,1,0.25,0.75,0.5,1.0,3.0,True
34,-117.5,-32.0,2.0,0.32,0.43110631,11.110630999999998,0.44318628,12.318627999999999,0.48473555,16.473555,-1.2079969999999995,4.385652759282245,4.385652759282245,0,low,2.0,1,90.75,233.5,1.5,90,233,1,0.75,0.5,0.5,1.0,3.0,True
35,-86.5,-35.5,2.0,0.5,0.39907543,10.092457,0.37912855,12.087145,0.39129176,10.870824,-1.994688,4.034521097815645,4.034521097815645,0,low,2.0,1,106.25,231.75,1.5,106,231,1,0.25,0.75,0.5,1.0,3.0,True
36,-75.0,-31.5,2.0,0.32,0.42693671,10.693670999999998,0.45016725,13.016725000000001,0.46013776,14.013776,-2.323054000000002,3.5148049807961224,3.5148049807961224,0,low,2.0,1,112.0,233.75,1.5,112,233,1,0.0,0.75,0.5,1.0,3.0,True
37,-55.5,-23.0,2.0,0.48,0.31255821,16.744179,0.3192025,16.079749999999997,0.31472952,16.527048,0.6644289999999997,5.616001171834975,5.616001171834975,0,low,2.0,1,121.75,238.0,1.5,121,238,1,0.75,0.0,0.5,1.0,3.0,True
38,-26.0,-10.0,2.0,0.61,0.11995387,49.004613,0.15605905,45.394095,0.13615405,47.384595,3.610517999999996,4.817435055413306,4.817435055413306,2,moderate,2.0,1,136.5,244.5,1.5,136,244,1,0.5,0.5,0.5,1.0,3.0,True
39,-9.0,-2.5,2.0,0.26,0.36592446,10.592445999999999,0.44105434,18.105434,0.49460662,23.460662,-7.512987999999998,4.7103956668006495,4.711597289333326,2,moderate,2.0,1,145.0,248.25,1.5,145,248,1,0.0,0.25,0.5,1.0,3.0,True
40,6.5,4.5,2.0,0.38,0.07938853,30.061147,0.15877706,22.122294,0.20812022,17.187978,7.938852999999998,4.368552770304057,4.368552770304057,4,high,2.0,1,152.75,251.75,1.5,152,251,1,0.75,0.75,0.5,1.0,3.0,True
41,29.5,15.0,2.0,0.46,0.10755455,35.244545,0.09479838,36.520162,0.09491921,36.508079,-1.2756169999999956,7.866705655164682,7.866705655164682,2,moderate,2.0,1,164.25,257.0,1.5,164,257,1,0.25,0.0,0.5,1.0,3.0,True
42,53.0,26.0,2.0,0.44,0.11130642,32.869358,0.12294797,31.705202999999997,0.08354727,35.645273,1.164155,6.352867039770307,6.352867039770307,2,moderate,2.0,1,176.0,262.5,1.5,176,262,1,0.0,0.5,0.5,1.0,3.0,True
43,67.5,32.5,2.0,0.30000002,0.1573176,14.268241999999997,0.11613638,18.386364,0.12577115,17.422887,-4.118122000000001,5.800662804582563,5.800662804582563,2,moderate,2.0,1,183.25,265.75,1.5,183,265,1,0.25,0.75,0.5,1.0,3.0,True
44,83.0,39.0,2.0,0.46,0.21231887,24.768113000000003,0.29170162,16.829838000000002,0.29170162,16.829838000000002,7.938275,7.064077279624004,7.064077279624004,2,moderate,2.0,1,191.0,269.0,1.5,191,269,1,0.0,0.0,0.5,1.0,3.0,True
45,120.5,56.5,2.0,0.2,0.27860525,7.860525000000002,0.30549926,10.549926,0.25683987,5.683987000000002,-2.6894009999999966,7.371016220644202,7.371016220644202,0,low,2.0,1,209.75,277.75,1.5,209,277,1,0.75,0.75,0.5,1.0,3.0,True
46,-121.0,-56.5,2.0,0.18,0.35965863,17.965863,0.0,18.0,0.2625674,8.25674,-0.03413700000000075,0.7774980765367665,0.7774980765367673,2,moderate,2.0,1,89.0,221.25,1.5,89,221,1,0.0,0.25,0.5,1.0,3.0,True
47,-96.5,-59.5,2.0,0.2,0.00147794,19.852206,0.0022534,19.77466,0.00321626,19.678374,0.07754599999999778,0.5070107312291643,0.5070843888233374,4,high,2.0,1,101.25,219.75,1.5,101,219,1,0.25,0.75,0.5,1.0,3.0,True
48,-77.0,-59.0,2.0,0.36,0.336626,2.3374000000000006,0.33424815,2.5751849999999967,0.33424815,2.5751849999999967,-0.23778499999999592,2.8006919234360694,2.8006919234360694,2,moderate,2.0,1,111.0,220.0,1.5,111,220,1,0.0,0.0,0.5,1.0,3.0,True
49,-59.5,-51.5,2.0,0.30000002,0.26429585,3.570416999999998,0.21403905,8.596096999999997,0.21549027,8.450974999999996,-5.0256799999999995,0.4205624168535287,0.4205624168535287,2,high,2.0,1,119.75,223.75,1.5,119,223,1,0.75,0.75,0.5,1.0,3.0,True
50,-45.5,-45.0,2.0,0.26,0.02155509,23.844491,0.01233626,24.766374000000003,0.01644834,24.355166,-0.9218830000000011,0.0,0.04286678824380135,3,high,2.0,1,126.75,227.0,1.5,126,227,1,0.75,0.0,0.5,1.0,3.0,True
51,-24.5,-19.5,2.0,0.69,0.26060797,42.93920299999999,0.34450719,34.54928099999999,0.38154358,30.845641999999994,8.389922,3.7427099838020115,3.7427099838020115,2,moderate,2.0,1,137.25,239.75,1.5,137,239,1,0.25,0.75,0.5,1.0,3.0,True
52,-31.0,-23.5,2.0,0.63,0.09783202,53.216798,0.15584207,47.415793,0.16167476,46.832524,5.801004999999998,2.451019930855621,2.451019930855621,2,moderate,2.0,1,134.0,237.75,1.5,134,237,1,0.0,0.75,0.5,1.0,3.0,True
53,-24.5,-38.0,2.0,0.57,0.16324099,40.67590099999999,0.22476794,34.523205999999995,0.17073546,39.92645399999999,6.152694999999997,2.203486638690659,2.203486638690659,2,moderate,2.0,1,137.25,230.5,1.5,137,230,1,0.25,0.5,0.5,1.0,3.0,True
54,-20.0,-30.5,2.0,0.58999996,0.04225041,54.774955000000006,0.08450082,50.549913999999994,0.13124056,45.87594,4.225041000000007,3.753551852046542,3.753551852046542,4,high,2.0,1,139.5,234.25,1.5,139,234,1,0.5,0.25,0.5,1.0,3.0,True
55,-11.0,-50.0,2.0,0.38,0.29619185,8.380815000000002,0.38173095,0.1730950000000009,0.52145172,14.145171999999995,8.207720000000002,2.9132593185039584,2.913280179638917,2,moderate,2.0,1,144.0,224.5,1.5,144,224,1,0.0,0.5,0.5,1.0,3.0,True
56,38.0,5.5,2.0,0.67,0.20379514,46.62048600000001,0.24072704,42.927296000000005,0.20628151,46.371849000000005,3.6931900000000017,1.5690504903677738,1.5693212529899137,2,moderate,2.0,1,168.5,252.25,1.5,168,252,1,0.5,0.25,0.5,1.0,3.0,True
57,74.0,22.0,2.0,0.34,0.38460754,4.460754,0.38957027,4.957026999999997,0.50075442,16.075442000000002,-0.4962729999999971,5.203844076797938,5.2044472406418905,0,low,2.0,1,186.5,260.5,1.5,186,260,1,0.5,0.5,0.5,1.0,3.0,True
58,63.0,0.5,2.0,0.85,0.10843476,74.156524,0.21686952,63.313047999999995,0.19944619,65.055381,10.843476000000008,4.351271309747123,4.351296674018313,4,high,2.0,1,181.0,249.75,1.5,181,249,1,0.0,0.75,0.5,1.0,3.0,True
59,50.5,-22.5,2.0,0.42,0.13367753,28.632247,0.09518457,32.481543,0.08787585,33.21241499999999,-3.849296000000002,4.162901581904743,4.162901581904743,2,moderate,2.0,1,174.75,238.25,1.5,174,238,1,0.75,0.25,0.5,1.0,3.0,True
60,88.5,-6.0,2.0,0.73,0.39983383,33.016617,0.3909271,33.907289999999996,0.43231957,29.768043,-0.8906729999999974,8.080519289044803,8.08070074452087,0,low,2.0,1,193.75,246.5,1.5,193,246,1,0.75,0.5,0.5,1.0,3.0,True
61,31.0,0.0,2.0,0.54000004,0.01660191,52.339813,0.03264786,50.735218,0.06529572,47.470432,1.6045949999999976,1.5984745907492144,1.5984745907492144,4,high,2.0,1,165.0,249.5,1.5,165,249,1,0.0,0.5,0.5,1.0,3.0,True
62,39.5,-20.0,2.0,0.69,0.02344557,66.65544299999999,0.03608881,65.391119,0.05299509,63.70049099999999,1.2643239999999945,1.7216158869062919,1.7216158869062919,4,high,2.0,1,169.25,239.5,1.5,169,239,1,0.25,0.5,0.5,1.0,3.0,True
63,92.5,20.0,2.0,0.4,0.25829743,14.170257000000003,0.36390127,3.609873000000002,0.42552106,2.5521059999999984,10.560384,5.183777406373793,5.212937888369193,2,moderate,2.0,1,195.75,259.5,1.5,195,259,1,0.75,0.5,0.5,1.0,3.0,True
64,100.5,3.5,2.0,0.44,0.33534344,10.465656000000001,0.41898637,2.1013630000000005,0.43344954,0.655045999999998,8.364293,4.762931870248085,4.762931870248085,0,low,2.0,1,199.75,251.25,1.5,199,251,1,0.75,0.25,0.5,1.0,3.0,True
65,-83.0,-94.0,2.0,0.30000002,0.05556118,24.443884,0.11112236,18.887766,0.12432481,17.567520999999996,5.5561180000000014,1.8900973850571823,1.8900973850571823,4,high,2.0,1,108.0,202.5,1.5,108,202,1,0.0,0.5,0.5,1.0,3.0,True
66,-49.5,-78.5,2.0,0.32,0.01333601,30.666399,0.02013561,29.986438999999997,0.05396335,26.603665,0.6799600000000017,1.6818567640429325,1.6818567640429325,4,high,2.0,1,124.75,210.25,1.5,124,210,1,0.75,0.25,0.5,1.0,3.0,True
67,-10.0,-59.5,2.0,0.5,0.46313159,3.686841000000002,0.44878895,5.121104999999998,0.42547334,7.4526660000000025,-1.4342639999999962,6.5762090190701805,6.5762090190701805,0,low,2.0,1,144.5,219.75,1.5,144,219,1,0.5,0.75,0.5,1.0,3.0,True
68,1.0,-54.0,2.0,0.28,0.06487847,21.512153000000005,0.12975695,15.024305000000002,0.14403348,13.596652000000004,6.487848000000001,1.8051341484144767,1.8051341484144767,4,high,2.0,1,150.0,222.5,1.5,150,222,1,0.0,0.5,0.5,1.0,3.0,True
69,26.0,-43.0,2.0,0.24,0.45190441,21.190441,0.50987395,26.987395000000003,0.52781713,28.781712999999996,-5.796954000000004,3.6597015247148237,3.6597015247148237,2,moderate,2.0,1,162.5,228.0,1.5,162,228,1,0.5,0.0,0.5,1.0,3.0,True
70,46.5,-33.5,2.0,0.34,0.05388631,28.611369000000003,0.10777262,23.222738000000003,0.1502536,18.974640000000004,5.388630999999999,3.5650422946298934,3.5650422946298934,4,high,2.0,1,172.75,232.75,1.5,172,232,1,0.75,0.75,0.5,1.0,3.0,True
71,66.5,-24.5,2.0,0.5,0.11426207,38.573793,0.20607841,29.392159,0.20710881,29.289118999999996,9.181633999999999,4.426129799271597,4.426129799271597,2,moderate,2.0,1,182.75,237.25,1.5,182,237,1,0.75,0.25,0.5,1.0,3.0,True
72,82.0,-17.5,2.0,0.38,0.10422745,27.577255,0.2084549,17.154510000000002,0.22512518,15.487482,10.422744999999999,4.1538559782598385,4.1538559782598385,4,high,2.0,1,190.5,240.75,1.5,190,240,1,0.5,0.75,0.5,1.0,3.0,True
73,98.5,-9.5,2.0,0.52,0.15903324,36.096676,0.13449563,38.550437,0.17074464,34.925536,-2.4537609999999987,4.400712602522462,4.400712602522462,2,moderate,2.0,1,198.75,244.75,1.5,198,244,1,0.75,0.75,0.5,1.0,3.0,True
74,56.5,-54.5,2.0,0.26,0.0148229,24.51771,0.00665723,25.334277,0.01035188,24.964812,-0.8165669999999986,0.4324607036963384,0.4324607036963384,2,high,2.0,1,177.75,222.25,1.5,177,222,1,0.75,0.25,0.5,1.0,3.0,True
75,109.0,-17.5,2.0,0.63,0.11573894,51.426106000000004,0.23147787,39.852213000000006,0.22914769,40.085231,11.573893000000002,6.560228083062178,6.560230259624405,4,high,2.0,1,204.0,240.75,1.5,204,240,1,0.0,0.75,0.5,1.0,3.0,True
76,116.0,-30.5,2.0,0.5,0.16870707,33.129293000000004,0.27862052,22.137948,0.28633729,21.366270999999998,10.991345000000003,6.200555649617317,6.200950733132702,2,moderate,2.0,1,207.5,234.25,1.5,207,234,1,0.5,0.25,0.5,1.0,3.0,True
77,5.0,-94.0,2.0,0.46,0.13460228,32.539772,0.1520271,30.79729,0.11688687,34.311313,1.7424820000000008,6.3567492640672985,6.3567492640672985,2,moderate,2.0,1,152.0,202.5,1.5,152,202,1,0.0,0.5,0.5,1.0,3.0,True
78,45.5,-86.5,2.0,0.28,0.25992782,2.0072180000000053,0.3001427,2.014269999999996,0.3480141,6.801409999999997,-0.007051999999990732,5.589751103465302,5.589864457702408,2,moderate,2.0,1,172.25,206.25,1.5,172,206,1,0.25,0.25,0.5,1.0,3.0,True
79,81.5,-69.5,2.0,0.32,0.48693445,16.693445,0.4818227,16.18227,0.55570067,23.570067,0.5111750000000026,3.968376998084131,3.968480545866208,0,low,2.0,1,190.25,214.75,1.5,190,214,1,0.25,0.75,0.5,1.0,3.0,True
80,125.0,-49.5,2.0,0.54000004,0.19215115,34.784889,0.28308301,25.691703,0.28034581,25.965423000000005,9.093186000000003,8.269347015484353,8.269347015484353,2,moderate,2.0,1,212.0,224.75,1.5,212,224,1,0.0,0.75,0.5,1.0,3.0,True
